id,username,email,first_name,last_name
100,bingobongo,bingobongo@yamdb.fake,user,bob
101,capt_obvious,capt_obvious@yamdb.fake,Gadmin,Lui
102,faust,faust@yamdb.fake,Lser,Mark
103,reviewer,reviewer@yamdb.fake,Tser,Kuzya
104,angry,angry@yamdb.fake,Jderator,Keki